{
	"info": {
		"_postman_id": "1309f7dc-9327-4a5c-a0c7-41a58a6afed8",
		"name": "T",
		"schema": "https://schema.getpostman.com/json/collection/v2.1.0/collection.json"
	},
	"item": [
		{
			"name": "Start",
			"request": {
				"auth": {
					"type": "bearer",
					"bearer": [
						{
							"key": "token",
							"value": "123",
							"type": "string"
						}
					]
				},
				"method": "GET",
				"header": [],
				"url": {
					"raw": "{{BASE}}/dev/tweets/start/?keywords=football",
					"host": [
						"{{BASE}}"
					],
					"path": [
						"dev",
						"tweets",
						"start",
						""
					],
					"query": [
						{
							"key": "keywords",
							"value": "football"
						}
					]
				}
			},
			"response": []
		},
		{
			"name": "Stop",
			"request": {
				"auth": {
					"type": "bearer",
					"bearer": [
						{
							"key": "token",
							"value": "123",
							"type": "string"
						}
					]
				},
				"method": "GET",
				"header": [],
				"url": {
					"raw": "{{BASE}}/dev/tweets/stop",
					"host": [
						"{{BASE}}"
					],
					"path": [
						"dev",
						"tweets",
						"stop"
					]
				}
			},
			"response": []
		},
		{
			"name": "Get all tweets",
			"request": {
				"method": "GET",
				"header": [],
				"url": {
					"raw": "{{BASE}}/dev/tweets",
					"host": [
						"{{BASE}}"
					],
					"path": [
						"dev",
						"tweets"
					]
				}
			},
			"response": []
		},
		{
			"name": "Get Statistics",
			"request": {
				"auth": {
					"type": "noauth"
				},
				"method": "GET",
				"header": [],
				"url": {
					"raw": "{{BASE}}/dev/metrics?country=NOT_PROVIDED&period=3000&start_time=2020-01-24T12:00:00&end_time=2020-01-26T23:00:00",
					"host": [
						"{{BASE}}"
					],
					"path": [
						"dev",
						"metrics"
					],
					"query": [
						{
							"key": "country",
							"value": "NOT_PROVIDED"
						},
						{
							"key": "period",
							"value": "3000"
						},
						{
							"key": "start_time",
							"value": "2020-01-24T12:00:00"
						},
						{
							"key": "end_time",
							"value": "2020-01-26T23:00:00"
						}
					]
				}
			},
			"response": []
		}
	],
	"protocolProfileBehavior": {}
}